keys,fr
appBarClose,Fermer
notificationsDisabledDialogTitle,Notifications d√©sactiv√©es
notificationsDisabledDialogMessage,"Les notifications sont d√©sactiv√©es pour l'application. Vous ne recevrez aucun bon plan.\n\nSi vous souhaitez tout de m√™me les recevoir, veuillez r√©activer les notifications depuis les param√®tres. "
notificationsDisabledDialogPositive,Ouvrir les param√®tres
notificationsDisabledDialogNegative,Ignorer
genericDialogErrorTitle,Erreur !
genericDialogPositiveLabel,Ok
genericButtonFilterDeal,Deal
genericButtonFilterAverage,Moyen
genericButtonFilterExpensive,Cher
genericPriceItem,%value$s ‚Ç¨
genericTimeItem,Vu il y a %duration$s
genericTimeDurationMinutes,min
genericTimeDurationHours,h
genericTimeDurationDays,j
genericTimeDurationMinutesLong,min
genericTimeDurationHoursLong,heures
genericTimeDurationDaysLong,jours
genericLoadingText,Chargement en cours
genericListLoadingNextItems,Chargement des deals en cours‚Ä¶
genericListEmpty,Aucun deal n'est disponible !
genericListError,Une erreur est survenue lors du chargement des deals.
genericListRetry,R√©-essayer
homePageScreenTitle,Au d√©part de
homePageAppBarSearchHint,"Destination, r√©gion ou type de voyage"
homePageAppBarDefaultLocation,Votre position
homePageListReadMore,Tout voir
homePageErrorMessage,Une erreur est survenue lors du chargement des deals.
homePageErrorButton,R√©-essayer
homePageEmpty,Aucun deal n'est disponible pour cette destination.
subscribeToNotificationsButtonInitial,Rester inform√© des nouveaux deals
subscribeToNotificationsButtonLoading,Enregistrement en cours
subscribeToNotificationsButtonSuccess,Abonn√© aux deals !
subscribeToNotificationsButtonError,Une erreur est survenue. Cliquez pour r√©essayer.
appBarDetailsSubtitle,Plage de dates
buttonCreateAlert,Cr√©ez une alerte
titleBestDeal,Meilleure date disponible
titleCalendar,Calendrier des deals
buttonOpenDetails,Voir les d√©tails
buttonListFlights,Voir les vols
titleOutwardFlight,Vol aller - %date$s
titleReturnFlight,Vol retour - %date$s
textCompanyName,Op√©r√© par %company$s
textStopDuration,Escale de %duration$s
rangePickerScreenTitle,Choisissez vos dates
rangePickerTitleDuration,Dur√©e du voyage (jours)
rangePickerButtonNoDuration,Indiff√©rent
rangePickerButtonUpToThreeDays,0-3 jours
rangePickerButtonUpToFiveDays,3-5 jours
rangePickerButtonUpToNineDays,6-9 jours
rangePickerButtonUpToFourteenDays,10-14 jours
rangePickerTitleCalendar,Calendrier des prix
rangePickerTabButtonDeparture,D√©part
rangePickerTabButtonOutward,Retour
rangePickerButtonSave,S√©lectionner les dates
filtersScreenTitle,Filtres
filtersButtonCloseTooltip,Fermer
filtersMenuDeleteFilters,Effacer
filtersButtonEdit,Editer
filtersButtonCreate,Valider
filtersButtonApply,Appliquer
filtersItemDates,Dates de voyage
filtersItemStopOvers,Escales
filtersItemFlightDuration,Dur√©e de vol
filtersItemFlightDurationSubtitle,%startDuration$d - %endDuration$d H
filtersItemFlightDurationMinValue,filtersItemFlightDurationMinValue
filtersItemFlightDurationMaxValue,24
filtersItemBudget,Budget
filtersItemBudgetSubtitle,%startBudget$d - %endBudget$d ‚Ç¨
filtersItemBudgetMinValue,0
filtersItemBudgetMaxValue,1000
filtersStopsItemStopOversNone,Direct
filtersStopsItemStopOversOne,1 Escale
filtersStopsItemStopOversMultiple,2 Escales ou +
alertsListScreenTitle,Alertes
alertsListError,Une erreur est survenue lors du chargement de vos notifications et alertes.
alertsListTabNotifications,Notifications
alertsListTabManage,G√©rer mes alertes
alertsListNotificationsEmpty,0 notification
alertsListNotificationsErrorMessage,Une erreur est survenue lors du chargement de vos notifications.
alertsListNotificationsErrorButton,R√©-essayer
alertsListNotificationsItemCities,%departureCity$s - %arrivalCity$s
alertsListNotificationsItemJourney,%departureDate$s - %arrivalDate$s
alertsListNotificationsItemNotificationDate,Il y a %date$s
alertsListNotificationsItemNotificationDateRange,%startDate$s - %endDate$s
alertsListNotificationsItemNotificationDateRangeFlexible,Du %startDate$s au %endDate$s
alertsListNotificationsItemNotificationDateUnknown,?
alertsListNotificationsItemButtonDeleteTooltip,Supprimer la notification
alertsListManageEmpty,0 alerte
alertsListManageErrorMessage,Une erreur est survenue lors du chargement de vos notifications.
alertsListManageErrorButton,R√©-essayer
alertsListManageItemButtonDeleteTooltip,Supprimer l'alerte
alertsListManageItemButtonEditTooltip,Modifier les filtres
alertsListManageItemSingleNotification,1 nouveau deal
alertsListManageItemMultipleNotifications,%count$d nouveaux deals
alertsListManageItemUpdateLoading,Mise √† jour en cours
alertsListManageItemUpdateErrorDialogTitle,Mise √† jour de l'alerte
alertsListManageItemUpdateErrorDialogMessage,La mise √† jour de l'alerte avec les nouveaux filtres a √©chou√©.\n\nMerci de r√©-essayer ult√©rieurement.
alertsListManageItemDeleteLoading,Suppression en cours
alertsListManageItemDeleteErrorDialogTitle,Suppression de l'alerte
alertsListManageItemDeleteErrorDialogMessage,Une erreur est survenue lors de la suppression de votre alerte.\n\nMerci de r√©-essayer ult√©rieurement.
alertsListManageItemNoFilter,Aucun filtre
travelDatesScreenTitle,Dates de voyage
travelDatesTabFlexible,Dates flexibles
travelDatesFlexibleRange,Plage de dates
travelDatesFlexibleRangeSubtitle,%startDate$s - %endDate$s
travelDatesFlexibleTripDuration,Dur√©e de s√©jour
travelDatesFlexibleTripDurationWeekEnd,Week-end
travelDatesFlexibleTripDurationSubtitle,%minLength$d - %maxLength$d jours
travelDatesFlexibleTripDurationSubtitleMax,%minLength$d - %maxLength$d jours+
travelDatesTabFixed,Dates fixes
travelDatesTabFixedSubtitle,%fromDate$s au %toDate$s
travelDatesTabDeparture,D√©part
travelDatesTabOutward,Retour
travelDatesButtonValidate,Valider
travelDatesButtonFlexible,+/- 3 j
locationPickerLabelFrom,Au d√©part de
locationPickerLabelTo,A destination de
locationPickerItemCity,%cityName$s (%countryCode$s) - Tous les a√©roports
locationPickerItemAirport,%airportCode$s - %airportName$s
locationPickerNoResult,Aucun r√©sultat
locationPickerErrorLabel,Une erreur est survenue lors du chargement des suggestions.
locationPickerErrorButton,R√©-essayer
locationPickerSearchFieldHintFrom,S√©lectionner une ville ou un a√©roport
locationPickerSearchFieldHintTo,"S√©lectionner une ville, un pays, continent‚Ä¶"
walkthroughStep1Line1,Trouve les meilleurs deals de vols
walkthroughStep1Line2,Mowgli identifie les meilleurs deals pour toi parmi 8 milliards d‚Äôoffres chaque jour !
walkthroughStep1PositiveButton,Continuer
walkthroughStep2Line1,Ne manque plus aucun deal
walkthroughStep2Line2,Arr√™te de passer des heures √† surveiller les meilleurs prix et laisse faire Mowgli
walkthroughStep2PositiveButton,Alerte-moi
walkthroughStep2NegativeButton,Peut-√™tre plus\u00A0tard
destinationViewerErrorMessage,Une erreur est survenue lors du chargement des deals.
destinationViewerErrorButton,R√©-essayer
destinationViewerEmpty,Aucun deal n'est disponible pour cette destination.
detailsScreenTitle,%departure$s - %arrival$s
detailsTipsTitle,Les conseils de Mowgli
detailsTipsBadgeSuperDeal,Super deal
detailsHopStopOversSingle,"1 escale, "
detailsHopStopOversMultiple,"%count$d escales, "
detailsHopStopOversItem,"%destinationCode$s, %duration$s"
detailsHopStopOversItemSeparator,\n
detailsShareDeal,Je viens de trouver un super deal pour %destination$s √† seulement %price$s euros gr√¢ce √† Mowgli. Profites-en maintenant !\nT√©l√©charge l‚Äôapplication sur IOS : %iosLink$s\nou sur Android : https://play.google.com/store/apps/details?id=%packageName$s
detailsButtonCalendar,Calendrier des deals
priceCalendarScreenTitle,Calendrier des deals
priceCalendarFlightDurationTitle,Dur√©e du voyage
priceCalendarFlightDurationValue,%minLength$d - %maxLength$d jours
priceCalendarFlightDurationValueMax,%minLength$d - %maxLength$d jours+
priceCalendarTabDeparture,D√©part
priceCalendarTabArrival,Retour
priceCalendarButtonConfirm,S√©lectionner les dates
priceCalendarErrorMessage,Le chargement des prix a √©chou√©.
priceCalendarErrorButton,R√©-essayer
dealDetailsNotificationsMessage,Ne manque plus aucun deal\nsur %destination$s
dealDetailsNotificationsButtonEnable,Cr√©ez une alerte personnalis√©e
dealDetailsNotificationsButtonLater,Peut-√™tre plus tard
dealDetailsMainOfferTitle,Meilleur deal
dealDetailsOfferButtonCheckAvailability,Valider la disponiblit√©
dealDetailsOfferButtonCheckAvailabilityDialogTitle,C'est pour bient√¥t !
dealDetailsOfferButtonCheckAvailabilityDialogMessage,"La r√©servation n‚Äôest pas disponible pour le moment, mais nous travaillons dur pour la rendre disponible tr√®s prochainement."
dealDetailsErrorLabel,Une erreur est survenue lors du chargement des donn√©es du deal.
dealDetailsErrorButton,R√©-essayer
dealDetailsAppBarTitle,%departureCity$s - %arrivalCity$s
dealDetailsAppBarTitleEmpty,D√©tails du deal
createAlertScreenTitle,Hey Mowgli üëã
createAlertScreenSubtitle,Alerte-moi des nouveaux deals ‚Ä®sur %departure$s - %arrival$s
createAlertItemDates,Dates de voyages
createAlertItemDatesEmptyValue,Toutes dates de voyage
createAlertItemStopOvers,Escales
createAlertItemStopOversEmptyValue,Indiff√©rent
createAlertItemFlightDuration,Dur√©e de vol
createAlertItemFlightDurationEmptyValue,Indiff√©rent
createAlertItemBudget,Budget
createAlertItemBudgetEmptyValue,Indiff√©rent
createAlertButtonCreate,Cr√©er une alerte
calendarDay1,Lundi
calendarDay2,Mardi
calendarDay3,Mercredi
calendarDay4,Jeudi
calendarDay5,Vendredi
calendarDay6,Samedi
calendarDay7,Dimanche
dealAvailableScreenMain,Trop cooooool !‚Ä®\nLe prix est encore dispo
dealAvailableScreenPricePerTraveler,Prix par voyageur
dealAvailableScreenBook,R√©servez
dealAvailableScreenAlternatives,Les alternatives
dealAvailableScreenAlternativesDirectOne,Prenez un vol direct pour
dealAvailableScreenAlternativesDirectTwo, %price$d‚Ç¨ de plus
dealAvailableScreenAlternativesHoursOne,D‚Äôautres horaires disponibles pour\n
dealAvailableScreenAlternativesHoursTwo,%price$d‚Ç¨ de plus
dealNotAvailableScreenMain,Trop tard\nLe prix a √©volu√© !
dealNotAvailableScreenDealInfosOne,Ce tarif observ√© il y a %duration$d %durationType$s n‚Äôest plus disponible.\nLes compagnies a√©riennes font varier leur tarifs en permanence
dealNotAvailableScreenDealInfosTwo,Mowgli va t‚Äôaider √† √™tre certain d‚Äôobtenir \nle meilleur deal en te notifiant 
dealNotAvailableScreenEnableNotifications,Activer les notifications
dealNotAvailableScreenBestOffer,Meilleure offre disponible
directAlternativesScreenMain,Les vols directs √† partir de %price$d‚Ç¨
hoursAlternativesScreenMain,Les horaires √† partir de %price$d‚Ç¨
tripDetailsScreenOutbound,Vol aller vers %city$s
tripDetailsScreenInbound,Vol retour vers %city$s
tripDetailsScreenStopOver,Ecale de %hours$dh%minutes$dmin
tripDetailsScreenContinue,Continuer
tripDetailsScreenOperatedBy,Op√©r√© par %company$s
travelersCounterScreenTitle,Choix des voyageurs
travelersCounterScreenInfantAge, (2-12 ans)
travelersCounterScreenBabyAge, (0-2 ans)
travelersCounterScreenConfirm,Confirmer
addOptionsScreenTitle,Ajouter des options
addOptionsScreenAddLuggage,Ajouter des bagages
addOptionsScreenLuggagePerTraveler,Bagage(s) voyageur %travelerNb$d
addOptionsScreenLuggagePerTravelerSub,23kg en soute pour %bagagePrice$d‚Ç¨
addOptionsScreenTotal,Total :
addOptionsScreenSummary,%nbTravelers$d voyageur - %totalLuggages$d bagages
addOptionsScreenContinue,Continuer
priceDetailsScreenTitle,Les conditions du tarif
priceDetailsScreenCabinSummary,Vol en classe %cabinClass$s
priceDetailsScreenChoiceSummaryOne,Bon choix !
priceDetailsScreenChoiceSummaryTwo,ci-dessous les d√©tails
priceDetailsScreenChoiceSummaryThree,concernant ta s√©lection
priceDetailsScreenSeat,Selection du si√®ge
priceDetailsScreenSeatChoice,Choisir
priceDetailsScreenCabinLuggageSummary,Bagage cabine
priceDetailsScreenLuggageSummary,Bagage(s) en soute
priceDetailsScreenLuggageSummaryPrice,Bagage n¬∞%luggageNb$d : %luggagePrice$d‚Ç¨
priceDetailsScreenModification,Modifications
priceDetailsScreenModificationPrice,"%modificationPriceInt$d,%modificationPriceDecimal$d‚Ç¨"
priceDetailsScreenCancelation,Annulations
priceDetailsScreenCancelationConditions,Sous conditions
priceDetailsScreenTip,Inclure un pourboire de 3‚Ç¨
priceDetailsScreenTipDescription,"Aide Mowgli avec cette gratification facultative, √† trouver les meilleurs deals pour toi"
priceDetailsScreenTotal,Total :
priceDetailsScreenContinue,Continuer
chooseTravelersScreenTitle,Informations voyageurs
chooseTravelersScreenTravelerNumber,Voyageur %travelerNb$d -
chooseTravelersScreenTravelerType,%travelerType$s
tripCardShowDetails,Afficher les d√©tails
luggagesNumberCount,x%luggagesNumber$d
travelerTypeAdult,Adulte
travelerTypeInfant,Enfant
travelerTypeBaby,B√©b√©
newTravelerScreenWarningOne,Les corrections de noms ne sont pas autoris√©es apr√®s la r√©servation.
newTravelerScreenWarningTwo,V√©rifie bien que toutes les informations correspondent √† celles des documents de voyage !
newTravelerScreenRequiredInfosTitle,Informations requises
newTravelerScreenLastName,Nom
newTravelerScreenFirstName,Pr√©nom
newTravelerScreenSecondName,Deuxi√®me pr√©nom
newTravelerScreenBirthdate,Date de naissance
newTravelerScreenFirstGender,Sexe
newTravelerScreenNationality,Nationalit√©
newTravelerScreenPassportNumber,Num√©ro de passeport
newTravelerScreenExpirationDate,Date d'expiration
newTravelerScreenAdditionalInfosTitle,Informations compl√©mentaires
newTravelerScreenNeedAssistance,Besoin d'une assistance
newTravelerScreenPhoneNumber,Num√©ro de t√©l√©phone
newTravelerScreenEmail,Email
newTravelerScreenEmailConfirmation,Confirmation email
newTravelerScreenValidate,Valider
newTravelerScreenErrorName,Ecrivez votre nom sans accent et sans tiret
newTravelerScreenErrorPassportNumber,Ecrivez le num√©ro tel qu‚Äôil apparait sur votre passeport
newTravelerScreenErrorWrongEmail,L‚Äôadresse e-mail renseign√©e n‚Äôest pas correcte
newTravelerScreenErrorDifferentEmails,les adresses e-mails renseign√©es ne correspondent pas
travelersSummaryScreenSelectPayment,Selectionner un moyen de paiement
travelersSummaryScreenAdult,Adulte(s)
travelersSummaryScreenInfant,Enfants(s)
travelersSummaryScreenBaby,B√©b√©(s)
selectPaymentScreenAddCard,Ajouter une carte
selectPaymentScreenNameType,%travelerName$s : 1 %travelerType$s
selectPaymentScreenCardTypeNumber,%cardType$s N¬∞ %hiddenCardNumber$s
selectPaymentScreenBasePrice,Tarif de base
selectPaymentScreenTaxes,Taxes et frais
selectPaymentScreenTotal,Total :
selectPaymentScreenOneWaySummary,%nbOneWay$dx aller
selectPaymentScreenRoundTripSummary,%nbRoundTrip$dx aller-retour
selectPaymentScreenNonRefundable,non-remboursable
selectPaymentScreenRefundable,remboursable
selectPaymentScreenPay,Payer
selectPaymentScreenGooglePay,Google Pay
selectPaymentScreenApplePay,Apple Pay
creditCardTypeVisa,Visa
creditCardTypeVisaElectron,Visa Electron
creditCardTypeMastercard,Mastercard
creditCardTypeAmericanExpress,American Express
newPaymentScreenCardType,Type de carte
newPaymentScreenCardNumber,Num√©ro de la carte bancaire
newPaymentScreenCardNumberHintText,XXXX XXXX XXXX XXXX
newPaymentScreenCardHolderName,Titulaire de la carte
newPaymentScreenCardExpirationDate,Date d‚Äôexpiration
newPaymentScreenCardExpirationDateHintText,XX/XX
newPaymentScreenCardSecurityCode,Code de s√©curit√©
newPaymentScreenCardSecurityCodeHintText,XXX